Country	date	total	cum	increment	double1	double2	double3	double7
Albania	2020-03-28	2	10	0	10	10	10	10
Albania	2020-03-29	0	10	1	20	14.142135623731	12.5992104989487	11.0408951367381
Albania	2020-03-30	1	11	2	40	20	15.874010519682	12.1901365420448
Albania	2020-03-31	4	15	3	80	28.2842712474619	20	13.4590019263236
Algeria	2020-03-20	2	11	0	10	10	10	10
Algeria	2020-03-21	4	15	1	20	14.142135623731	12.5992104989487	11.0408951367381
Algeria	2020-03-22	2	17	2	40	20	15.874010519682	12.1901365420448
Algeria	2020-03-23	0	17	3	80	28.2842712474619	20	13.4590019263236
Algeria	2020-03-24	2	19	4	160	40	25.1984209978975	14.8599428913695
Algeria	2020-03-25	2	21	5	320	56.5685424949238	31.748021039364	16.4067071201528
Algeria	2020-03-26	4	25	6	640	80	40	18.1144732852781
Algeria	2020-03-27	1	26	7	1280	113.137084989848	50.3968419957949	20
Algeria	2020-03-28	3	29	8	2560	160	63.496042078728	22.0817902734762
Algeria	2020-03-29	2	31	9	5120	226.274169979695	80	24.3802730840895
Algeria	2020-03-30	4	35	10	10240	320	100.79368399159	26.9180038526471
Algeria	2020-03-31	9	44	11	20480	452.548339959391	126.992084157456	29.7198857827389
Andorra	2020-03-31	4	12	0	10	10	10	10
Argentina	2020-03-27	4	13	0	10	10	10	10
Argentina	2020-03-28	5	18	1	20	14.142135623731	12.5992104989487	11.0408951367381
Argentina	2020-03-29	1	19	2	40	20	15.874010519682	12.1901365420448
Argentina	2020-03-30	4	23	3	80	28.2842712474619	20	13.4590019263236
Argentina	2020-03-31	4	27	4	160	40	25.1984209978975	14.8599428913695
Australia	2020-03-26	5	13	0	10	10	10	10
Australia	2020-03-27	0	13	1	20	14.142135623731	12.5992104989487	11.0408951367381
Australia	2020-03-28	1	14	2	40	20	15.874010519682	12.1901365420448
Australia	2020-03-29	2	16	3	80	28.2842712474619	20	13.4590019263236
Australia	2020-03-30	1	17	4	160	40	25.1984209978975	14.8599428913695
Australia	2020-03-31	1	18	5	320	56.5685424949238	31.748021039364	16.4067071201528
Austria	2020-03-22	8	16	0	10	10	10	10
Austria	2020-03-23	5	21	1	20	14.142135623731	12.5992104989487	11.0408951367381
Austria	2020-03-24	7	28	2	40	20	15.874010519682	12.1901365420448
Austria	2020-03-25	2	30	3	80	28.2842712474619	20	13.4590019263236
Austria	2020-03-26	19	49	4	160	40	25.1984209978975	14.8599428913695
Austria	2020-03-27	9	58	5	320	56.5685424949238	31.748021039364	16.4067071201528
Austria	2020-03-28	10	68	6	640	80	40	18.1144732852781
Austria	2020-03-29	18	86	7	1280	113.137084989848	50.3968419957949	20
Austria	2020-03-30	22	108	8	2560	160	63.496042078728	22.0817902734762
Austria	2020-03-31	20	128	9	5120	226.274169979695	80	24.3802730840895
Belgium	2020-03-17	5	10	0	10	10	10	10
Belgium	2020-03-18	4	14	1	20	14.142135623731	12.5992104989487	11.0408951367381
Belgium	2020-03-19	7	21	2	40	20	15.874010519682	12.1901365420448
Belgium	2020-03-20	16	37	3	80	28.2842712474619	20	13.4590019263236
Belgium	2020-03-21	30	67	4	160	40	25.1984209978975	14.8599428913695
Belgium	2020-03-22	8	75	5	320	56.5685424949238	31.748021039364	16.4067071201528
Belgium	2020-03-23	13	88	6	640	80	40	18.1144732852781
Belgium	2020-03-24	34	122	7	1280	113.137084989848	50.3968419957949	20
Belgium	2020-03-25	56	178	8	2560	160	63.496042078728	22.0817902734762
Belgium	2020-03-26	42	220	9	5120	226.274169979695	80	24.3802730840895
Belgium	2020-03-27	69	289	10	10240	320	100.79368399159	26.9180038526471
Belgium	2020-03-28	64	353	11	20480	452.548339959391	126.992084157456	29.7198857827389
Belgium	2020-03-29	78	431	12	40960	640.000000000001	160	32.8134142403055
Belgium	2020-03-30	82	513	13	81920	905.096679918782	201.58736798318	36.2289465705562
Belgium	2020-03-31	192	705	14	163840	1280	253.984168314912	40
Bosnia and Herzegovina	2020-03-30	4	10	0	10	10	10	10
Bosnia and Herzegovina	2020-03-31	3	13	1	20	14.142135623731	12.5992104989487	11.0408951367381
Brazil	2020-03-20	5	11	0	10	10	10	10
Brazil	2020-03-21	4	15	1	20	14.142135623731	12.5992104989487	11.0408951367381
Brazil	2020-03-22	10	25	2	40	20	15.874010519682	12.1901365420448
Brazil	2020-03-23	9	34	3	80	28.2842712474619	20	13.4590019263236
Brazil	2020-03-24	12	46	4	160	40	25.1984209978975	14.8599428913695
Brazil	2020-03-25	13	59	5	320	56.5685424949238	31.748021039364	16.4067071201528
Brazil	2020-03-26	18	77	6	640	80	40	18.1144732852781
Brazil	2020-03-27	15	92	7	1280	113.137084989848	50.3968419957949	20
Brazil	2020-03-28	19	111	8	2560	160	63.496042078728	22.0817902734762
Brazil	2020-03-29	25	136	9	5120	226.274169979695	80	24.3802730840895
Brazil	2020-03-30	23	159	10	10240	320	100.79368399159	26.9180038526471
Brazil	2020-03-31	42	201	11	20480	452.548339959391	126.992084157456	29.7198857827389
Burkina Faso	2020-03-28	2	11	0	10	10	10	10
Burkina Faso	2020-03-29	1	12	1	20	14.142135623731	12.5992104989487	11.0408951367381
Burkina Faso	2020-03-30	0	12	2	40	20	15.874010519682	12.1901365420448
Burkina Faso	2020-03-31	2	14	3	80	28.2842712474619	20	13.4590019263236
Canada	2020-03-20	3	12	0	10	10	10	10
Canada	2020-03-21	7	19	1	20	14.142135623731	12.5992104989487	11.0408951367381
Canada	2020-03-22	2	21	2	40	20	15.874010519682	12.1901365420448
Canada	2020-03-23	4	25	3	80	28.2842712474619	20	13.4590019263236
Canada	2020-03-24	1	26	4	160	40	25.1984209978975	14.8599428913695
Canada	2020-03-25	4	30	5	320	56.5685424949238	31.748021039364	16.4067071201528
Canada	2020-03-26	8	38	6	640	80	40	18.1144732852781
Canada	2020-03-27	16	54	7	1280	113.137084989848	50.3968419957949	20
Canada	2020-03-28	7	61	8	2560	160	63.496042078728	22.0817902734762
Canada	2020-03-29	3	64	9	5120	226.274169979695	80	24.3802730840895
Canada	2020-03-30	16	80	10	10240	320	100.79368399159	26.9180038526471
Canada	2020-03-31	21	101	11	20480	452.548339959391	126.992084157456	29.7198857827389
Chile	2020-03-31	4	12	0	10	10	10	10
China	2020-01-22	17	17	0	10	10	10	10
China	2020-01-23	1	18	1	20	14.142135623731	12.5992104989487	11.0408951367381
China	2020-01-24	8	26	2	40	20	15.874010519682	12.1901365420448
China	2020-01-25	16	42	3	80	28.2842712474619	20	13.4590019263236
China	2020-01-26	14	56	4	160	40	25.1984209978975	14.8599428913695
China	2020-01-27	26	82	5	320	56.5685424949238	31.748021039364	16.4067071201528
China	2020-01-28	49	131	6	640	80	40	18.1144732852781
China	2020-01-29	2	133	7	1280	113.137084989848	50.3968419957949	20
China	2020-01-30	38	171	8	2560	160	63.496042078728	22.0817902734762
China	2020-01-31	42	213	9	5120	226.274169979695	80	24.3802730840895
China	2020-02-01	46	259	10	10240	320	100.79368399159	26.9180038526471
China	2020-02-02	102	361	11	20480	452.548339959391	126.992084157456	29.7198857827389
China	2020-02-03	64	425	12	40960	640.000000000001	160	32.8134142403055
China	2020-02-04	66	491	13	81920	905.096679918782	201.58736798318	36.2289465705562
China	2020-02-05	72	563	14	163840	1280	253.984168314912	40
China	2020-02-06	70	633	15	327680	1810.19335983756	320	44.1635805469524
China	2020-02-07	85	718	16	655360	2560	403.17473596636	48.760546168179
China	2020-02-08	87	805	17	1310720	3620.38671967513	507.968336629824	53.8360077052942
China	2020-02-09	100	905	18	2621440	5120.00000000001	640	59.4397715654779
China	2020-02-10	107	1012	19	5242880	7240.77343935026	806.349471932719	65.6268284806109
China	2020-02-11	100	1112	20	10485760	10240	1015.93667325965	72.4578931411124
China	2020-02-12	5	1117	21	20971520	14481.5468787005	1280	79.9999999999999
China	2020-02-13	252	1369	22	41943040	20480	1612.69894386544	88.3271610939048
China	2020-02-14	152	1521	23	83886080	28963.093757401	2031.8733465193	97.5210923363579
China	2020-02-15	142	1663	24	167772160	40960.0000000001	2560	107.672015410588
China	2020-02-16	103	1766	25	335544320	57926.1875148021	3225.39788773088	118.879543130956
China	2020-02-17	98	1864	26	671088640	81920.0000000001	4063.74669303859	131.253656961222
China	2020-02-18	139	2003	27	1342177280	115852.375029604	5120	144.915786282225
China	2020-02-19	113	2116	28	2684354560	163840	6450.79577546175	160
China	2020-02-20	122	2238	29	5368709120	231704.750059208	8127.49338607719	176.65432218781
China	2020-02-21	0	2238	30	10737418240	327680.000000001	10240	195.042184672716
China	2020-02-22	205	2443	31	21474836480	463409.500118417	12901.5915509235	215.344030821176
China	2020-02-23	2	2445	32	42949672960	655360.000000001	16254.9867721544	237.759086261911
China	2020-02-24	150	2595	33	85899345920	926819.000236834	20480	262.507313922443
China	2020-02-25	70	2665	34	171798691840	1310720	25803.183101847	289.831572564449
China	2020-02-26	52	2717	35	343597383680	1853638.00047367	32509.9735443087	319.999999999999
China	2020-02-27	29	2746	36	687194767360	2621440.00000001	40960	353.308644375619
China	2020-02-28	44	2790	37	1374389534720	3707276.00094734	51606.366203694	390.084369345431
China	2020-02-29	47	2837	38	2748779069440	5242880.00000001	65019.9470886175	430.688061642353
China	2020-03-01	35	2872	39	5497558138880	7414552.00189467	81920.0000000001	475.518172523822
China	2020-03-02	42	2914	40	10995116277760	10485760	103212.732407388	525.014627844887
China	2020-03-03	33	2947	41	21990232555520	14829104.0037893	130039.894177235	579.663145128898
China	2020-03-04	36	2983	42	43980465111040	20971520.0000001	163840	639.999999999998
China	2020-03-05	32	3015	43	87960930222080	29658208.0075787	206425.464814776	706.617288751238
China	2020-03-06	29	3044	44	175921860444160	41943040.0000001	260079.78835447	780.168738690862
China	2020-03-07	28	3072	45	351843720888320	59316416.0151574	327680	861.376123284705
China	2020-03-08	28	3100	46	703687441776640	83886080.0000003	412850.929629552	951.036345047644
China	2020-03-09	23	3123	47	1407374883553280	118632832.030315	520159.57670894	1050.02925568977
China	2020-03-10	16	3139	48	2814749767106560	167772160.000001	655360.000000001	1159.3262902578
China	2020-03-11	22	3161	49	5629499534213120	237265664.06063	825701.859259105	1279.99999999999
China	2020-03-12	11	3172	50	11258999068426240	335544320.000001	1040319.15341788	1413.23457750247
China	2020-03-13	8	3180	51	22517998136852480	474531328.121259	1310720	1560.33747738172
China	2020-03-14	13	3193	52	45035996273704960	671088640.000002	1651403.71851821	1722.75224656941
China	2020-03-15	10	3203	53	90071992547409920	949062656.242519	2080638.30683576	1902.07269009529
China	2020-03-16	14	3217	54	180143985094819840	1342177280.00001	2621440	2100.05851137954
China	2020-03-17	13	3230	55	360287970189639680	1898125312.48504	3302807.43703642	2318.65258051559
China	2020-03-18	11	3241	56	720575940379279360	2684354560.00001	4161276.61367152	2559.99999999999
China	2020-03-19	8	3249	57	1441151880758558720	3796250624.97008	5242880.00000001	2826.46915500495
China	2020-03-20	4	3253	58	2882303761517117440	5368709120.00002	6605614.87407284	3120.67495476344
China	2020-03-21	6	3259	59	5764607523034234880	7592501249.94016	8322553.22734304	3445.50449313882
China	2020-03-22	15	3274	60	11529215046068469760	10737418240	10485760	3804.14538019057
China	2020-03-23	0	3274	61	23058430092136939520	15185002499.8803	13211229.7481457	4200.11702275909
China	2020-03-24	7	3281	62	46116860184273879040	21474836480.0001	16645106.4546861	4637.30516103118
China	2020-03-25	4	3285	63	92233720368547758080	30370004999.7606	20971520	5119.99999999997
China	2020-03-26	6	3291	64	1.84467440737096e+20	42949672960.0002	26422459.4962914	5652.93831000989
China	2020-03-27	5	3296	65	3.68934881474191e+20	60740009999.5213	33290212.9093722	6241.34990952688
China	2020-03-28	3	3299	66	7.37869762948382e+20	85899345920.0004	41943040.0000001	6891.00898627763
China	2020-03-29	5	3304	67	1.47573952589676e+21	121480019999.043	52844918.9925827	7608.29076038114
China	2020-03-30	4	3308	68	2.95147905179353e+21	171798691840.001	66580425.8187444	8400.23404551817
China	2020-03-31	1	3309	69	5.90295810358706e+21	242960039998.085	83886080.0000001	9274.61032206235
Colombia	2020-03-29	4	10	0	10	10	10	10
Colombia	2020-03-30	2	12	1	20	14.142135623731	12.5992104989487	11.0408951367381
Colombia	2020-03-31	4	16	2	40	20	15.874010519682	12.1901365420448
Czech Republic	2020-03-28	2	11	0	10	10	10	10
Czech Republic	2020-03-29	5	16	1	20	14.142135623731	12.5992104989487	11.0408951367381
Czech Republic	2020-03-30	7	23	2	40	20	15.874010519682	12.1901365420448
Czech Republic	2020-03-31	8	31	3	80	28.2842712474619	20	13.4590019263236
Denmark	2020-03-21	4	13	0	10	10	10	10
Denmark	2020-03-22	0	13	1	20	14.142135623731	12.5992104989487	11.0408951367381
Denmark	2020-03-23	11	24	2	40	20	15.874010519682	12.1901365420448
Denmark	2020-03-24	8	32	3	80	28.2842712474619	20	13.4590019263236
Denmark	2020-03-25	2	34	4	160	40	25.1984209978975	14.8599428913695
Denmark	2020-03-26	7	41	5	320	56.5685424949238	31.748021039364	16.4067071201528
Denmark	2020-03-27	11	52	6	640	80	40	18.1144732852781
Denmark	2020-03-28	13	65	7	1280	113.137084989848	50.3968419957949	20
Denmark	2020-03-29	7	72	8	2560	160	63.496042078728	22.0817902734762
Denmark	2020-03-30	5	77	9	5120	226.274169979695	80	24.3802730840895
Denmark	2020-03-31	13	90	10	10240	320	100.79368399159	26.9180038526471
Diamond Princess	2020-03-24	2	10	0	10	10	10	10
Diamond Princess	2020-03-25	0	10	1	20	14.142135623731	12.5992104989487	11.0408951367381
Diamond Princess	2020-03-26	0	10	2	40	20	15.874010519682	12.1901365420448
Diamond Princess	2020-03-27	0	10	3	80	28.2842712474619	20	13.4590019263236
Diamond Princess	2020-03-28	0	10	4	160	40	25.1984209978975	14.8599428913695
Diamond Princess	2020-03-29	0	10	5	320	56.5685424949238	31.748021039364	16.4067071201528
Diamond Princess	2020-03-30	0	10	6	640	80	40	18.1144732852781
Diamond Princess	2020-03-31	0	10	7	1280	113.137084989848	50.3968419957949	20
Dominican Republic	2020-03-25	4	10	0	10	10	10	10
Dominican Republic	2020-03-26	0	10	1	20	14.142135623731	12.5992104989487	11.0408951367381
Dominican Republic	2020-03-27	10	20	2	40	20	15.874010519682	12.1901365420448
Dominican Republic	2020-03-28	8	28	3	80	28.2842712474619	20	13.4590019263236
Dominican Republic	2020-03-29	11	39	4	160	40	25.1984209978975	14.8599428913695
Dominican Republic	2020-03-30	3	42	5	320	56.5685424949238	31.748021039364	16.4067071201528
Dominican Republic	2020-03-31	9	51	6	640	80	40	18.1144732852781
Ecuador	2020-03-22	7	14	0	10	10	10	10
Ecuador	2020-03-23	4	18	1	20	14.142135623731	12.5992104989487	11.0408951367381
Ecuador	2020-03-24	9	27	2	40	20	15.874010519682	12.1901365420448
Ecuador	2020-03-25	1	28	3	80	28.2842712474619	20	13.4590019263236
Ecuador	2020-03-26	6	34	4	160	40	25.1984209978975	14.8599428913695
Ecuador	2020-03-27	2	36	5	320	56.5685424949238	31.748021039364	16.4067071201528
Ecuador	2020-03-28	12	48	6	640	80	40	18.1144732852781
Ecuador	2020-03-29	10	58	7	1280	113.137084989848	50.3968419957949	20
Ecuador	2020-03-30	2	60	8	2560	160	63.496042078728	22.0817902734762
Ecuador	2020-03-31	15	75	9	5120	226.274169979695	80	24.3802730840895
Egypt	2020-03-21	2	10	0	10	10	10	10
Egypt	2020-03-22	4	14	1	20	14.142135623731	12.5992104989487	11.0408951367381
Egypt	2020-03-23	5	19	2	40	20	15.874010519682	12.1901365420448
Egypt	2020-03-24	1	20	3	80	28.2842712474619	20	13.4590019263236
Egypt	2020-03-25	1	21	4	160	40	25.1984209978975	14.8599428913695
Egypt	2020-03-26	3	24	5	320	56.5685424949238	31.748021039364	16.4067071201528
Egypt	2020-03-27	6	30	6	640	80	40	18.1144732852781
Egypt	2020-03-28	6	36	7	1280	113.137084989848	50.3968419957949	20
Egypt	2020-03-29	4	40	8	2560	160	63.496042078728	22.0817902734762
Egypt	2020-03-30	1	41	9	5120	226.274169979695	80	24.3802730840895
Egypt	2020-03-31	5	46	10	10240	320	100.79368399159	26.9180038526471
Finland	2020-03-29	2	11	0	10	10	10	10
Finland	2020-03-30	2	13	1	20	14.142135623731	12.5992104989487	11.0408951367381
Finland	2020-03-31	4	17	2	40	20	15.874010519682	12.1901365420448
France	2020-03-07	2	11	0	10	10	10	10
France	2020-03-08	8	19	1	20	14.142135623731	12.5992104989487	11.0408951367381
France	2020-03-09	0	19	2	40	20	15.874010519682	12.1901365420448
France	2020-03-10	14	33	3	80	28.2842712474619	20	13.4590019263236
France	2020-03-11	15	48	4	160	40	25.1984209978975	14.8599428913695
France	2020-03-12	0	48	5	320	56.5685424949238	31.748021039364	16.4067071201528
France	2020-03-13	31	79	6	640	80	40	18.1144732852781
France	2020-03-14	12	91	7	1280	113.137084989848	50.3968419957949	20
France	2020-03-15	0	91	8	2560	160	63.496042078728	22.0817902734762
France	2020-03-16	57	148	9	5120	226.274169979695	80	24.3802730840895
France	2020-03-17	0	148	10	10240	320	100.79368399159	26.9180038526471
France	2020-03-18	0	148	11	20480	452.548339959391	126.992084157456	29.7198857827389
France	2020-03-19	95	243	12	40960	640.000000000001	160	32.8134142403055
France	2020-03-20	207	450	13	81920	905.096679918782	201.58736798318	36.2289465705562
France	2020-03-21	112	562	14	163840	1280	253.984168314912	40
France	2020-03-22	112	674	15	327680	1810.19335983756	320	44.1635805469524
France	2020-03-23	186	860	16	655360	2560	403.17473596636	48.760546168179
France	2020-03-24	240	1100	17	1310720	3620.38671967513	507.968336629824	53.8360077052942
France	2020-03-25	231	1331	18	2621440	5120.00000000001	640	59.4397715654779
France	2020-03-26	365	1696	19	5242880	7240.77343935026	806.349471932719	65.6268284806109
France	2020-03-27	299	1995	20	10485760	10240	1015.93667325965	72.4578931411124
France	2020-03-28	319	2314	21	20971520	14481.5468787005	1280	79.9999999999999
France	2020-03-29	292	2606	22	41943040	20480	1612.69894386544	88.3271610939048
France	2020-03-30	418	3024	23	83886080	28963.093757401	2031.8733465193	97.5210923363579
France	2020-03-31	499	3523	24	167772160	40960.0000000001	2560	107.672015410588
Germany	2020-03-15	2	11	0	10	10	10	10
Germany	2020-03-16	6	17	1	20	14.142135623731	12.5992104989487	11.0408951367381
Germany	2020-03-17	7	24	2	40	20	15.874010519682	12.1901365420448
Germany	2020-03-18	4	28	3	80	28.2842712474619	20	13.4590019263236
Germany	2020-03-19	16	44	4	160	40	25.1984209978975	14.8599428913695
Germany	2020-03-20	23	67	5	320	56.5685424949238	31.748021039364	16.4067071201528
Germany	2020-03-21	17	84	6	640	80	40	18.1144732852781
Germany	2020-03-22	10	94	7	1280	113.137084989848	50.3968419957949	20
Germany	2020-03-23	29	123	8	2560	160	63.496042078728	22.0817902734762
Germany	2020-03-24	34	157	9	5120	226.274169979695	80	24.3802730840895
Germany	2020-03-25	49	206	10	10240	320	100.79368399159	26.9180038526471
Germany	2020-03-26	61	267	11	20480	452.548339959391	126.992084157456	29.7198857827389
Germany	2020-03-27	75	342	12	40960	640.000000000001	160	32.8134142403055
Germany	2020-03-28	91	433	13	81920	905.096679918782	201.58736798318	36.2289465705562
Germany	2020-03-29	100	533	14	163840	1280	253.984168314912	40
Germany	2020-03-30	112	645	15	327680	1810.19335983756	320	44.1635805469524
Germany	2020-03-31	130	775	16	655360	2560	403.17473596636	48.760546168179
Greece	2020-03-21	7	13	0	10	10	10	10
Greece	2020-03-22	2	15	1	20	14.142135623731	12.5992104989487	11.0408951367381
Greece	2020-03-23	2	17	2	40	20	15.874010519682	12.1901365420448
Greece	2020-03-24	3	20	3	80	28.2842712474619	20	13.4590019263236
Greece	2020-03-25	2	22	4	160	40	25.1984209978975	14.8599428913695
Greece	2020-03-26	4	26	5	320	56.5685424949238	31.748021039364	16.4067071201528
Greece	2020-03-27	2	28	6	640	80	40	18.1144732852781
Greece	2020-03-28	4	32	7	1280	113.137084989848	50.3968419957949	20
Greece	2020-03-29	6	38	8	2560	160	63.496042078728	22.0817902734762
Greece	2020-03-30	5	43	9	5120	226.274169979695	80	24.3802730840895
Greece	2020-03-31	6	49	10	10240	320	100.79368399159	26.9180038526471
Hungary	2020-03-25	1	10	0	10	10	10	10
Hungary	2020-03-26	0	10	1	20	14.142135623731	12.5992104989487	11.0408951367381
Hungary	2020-03-27	0	10	2	40	20	15.874010519682	12.1901365420448
Hungary	2020-03-28	1	11	3	80	28.2842712474619	20	13.4590019263236
Hungary	2020-03-29	2	13	4	160	40	25.1984209978975	14.8599428913695
Hungary	2020-03-30	2	15	5	320	56.5685424949238	31.748021039364	16.4067071201528
Hungary	2020-03-31	1	16	6	640	80	40	18.1144732852781
India	2020-03-23	3	10	0	10	10	10	10
India	2020-03-24	0	10	1	20	14.142135623731	12.5992104989487	11.0408951367381
India	2020-03-25	2	12	2	40	20	15.874010519682	12.1901365420448
India	2020-03-26	8	20	3	80	28.2842712474619	20	13.4590019263236
India	2020-03-27	0	20	4	160	40	25.1984209978975	14.8599428913695
India	2020-03-28	4	24	5	320	56.5685424949238	31.748021039364	16.4067071201528
India	2020-03-29	3	27	6	640	80	40	18.1144732852781
India	2020-03-30	5	32	7	1280	113.137084989848	50.3968419957949	20
India	2020-03-31	3	35	8	2560	160	63.496042078728	22.0817902734762
Indonesia	2020-03-18	14	19	0	10	10	10	10
Indonesia	2020-03-19	6	25	1	20	14.142135623731	12.5992104989487	11.0408951367381
Indonesia	2020-03-20	7	32	2	40	20	15.874010519682	12.1901365420448
Indonesia	2020-03-21	6	38	3	80	28.2842712474619	20	13.4590019263236
Indonesia	2020-03-22	10	48	4	160	40	25.1984209978975	14.8599428913695
Indonesia	2020-03-23	1	49	5	320	56.5685424949238	31.748021039364	16.4067071201528
Indonesia	2020-03-24	6	55	6	640	80	40	18.1144732852781
Indonesia	2020-03-25	3	58	7	1280	113.137084989848	50.3968419957949	20
Indonesia	2020-03-26	20	78	8	2560	160	63.496042078728	22.0817902734762
Indonesia	2020-03-27	9	87	9	5120	226.274169979695	80	24.3802730840895
Indonesia	2020-03-28	15	102	10	10240	320	100.79368399159	26.9180038526471
Indonesia	2020-03-29	12	114	11	20480	452.548339959391	126.992084157456	29.7198857827389
Indonesia	2020-03-30	8	122	12	40960	640.000000000001	160	32.8134142403055
Indonesia	2020-03-31	14	136	13	81920	905.096679918782	201.58736798318	36.2289465705562
Iran	2020-02-24	4	12	0	10	10	10	10
Iran	2020-02-25	4	16	1	20	14.142135623731	12.5992104989487	11.0408951367381
Iran	2020-02-26	3	19	2	40	20	15.874010519682	12.1901365420448
Iran	2020-02-27	7	26	3	80	28.2842712474619	20	13.4590019263236
Iran	2020-02-28	8	34	4	160	40	25.1984209978975	14.8599428913695
Iran	2020-02-29	9	43	5	320	56.5685424949238	31.748021039364	16.4067071201528
Iran	2020-03-01	11	54	6	640	80	40	18.1144732852781
Iran	2020-03-02	12	66	7	1280	113.137084989848	50.3968419957949	20
Iran	2020-03-03	11	77	8	2560	160	63.496042078728	22.0817902734762
Iran	2020-03-04	15	92	9	5120	226.274169979695	80	24.3802730840895
Iran	2020-03-05	15	107	10	10240	320	100.79368399159	26.9180038526471
Iran	2020-03-06	17	124	11	20480	452.548339959391	126.992084157456	29.7198857827389
Iran	2020-03-07	21	145	12	40960	640.000000000001	160	32.8134142403055
Iran	2020-03-08	49	194	13	81920	905.096679918782	201.58736798318	36.2289465705562
Iran	2020-03-09	43	237	14	163840	1280	253.984168314912	40
Iran	2020-03-10	54	291	15	327680	1810.19335983756	320	44.1635805469524
Iran	2020-03-11	63	354	16	655360	2560	403.17473596636	48.760546168179
Iran	2020-03-12	75	429	17	1310720	3620.38671967513	507.968336629824	53.8360077052942
Iran	2020-03-13	85	514	18	2621440	5120.00000000001	640	59.4397715654779
Iran	2020-03-14	97	611	19	5242880	7240.77343935026	806.349471932719	65.6268284806109
Iran	2020-03-15	113	724	20	10485760	10240	1015.93667325965	72.4578931411124
Iran	2020-03-16	129	853	21	20971520	14481.5468787005	1280	79.9999999999999
Iran	2020-03-17	135	988	22	41943040	20480	1612.69894386544	88.3271610939048
Iran	2020-03-18	147	1135	23	83886080	28963.093757401	2031.8733465193	97.5210923363579
Iran	2020-03-19	149	1284	24	167772160	40960.0000000001	2560	107.672015410588
Iran	2020-03-20	149	1433	25	335544320	57926.1875148021	3225.39788773088	118.879543130956
Iran	2020-03-21	123	1556	26	671088640	81920.0000000001	4063.74669303859	131.253656961222
Iran	2020-03-22	129	1685	27	1342177280	115852.375029604	5120	144.915786282225
Iran	2020-03-23	127	1812	28	2684354560	163840	6450.79577546175	160
Iran	2020-03-24	122	1934	29	5368709120	231704.750059208	8127.49338607719	176.65432218781
Iran	2020-03-25	143	2077	30	10737418240	327680.000000001	10240	195.042184672716
Iran	2020-03-26	157	2234	31	21474836480	463409.500118417	12901.5915509235	215.344030821176
Iran	2020-03-27	144	2378	32	42949672960	655360.000000001	16254.9867721544	237.759086261911
Iran	2020-03-28	139	2517	33	85899345920	926819.000236834	20480	262.507313922443
Iran	2020-03-29	123	2640	34	171798691840	1310720	25803.183101847	289.831572564449
Iran	2020-03-30	117	2757	35	343597383680	1853638.00047367	32509.9735443087	319.999999999999
Iran	2020-03-31	141	2898	36	687194767360	2621440.00000001	40960	353.308644375619
Iraq	2020-03-14	1	10	0	10	10	10	10
Iraq	2020-03-15	0	10	1	20	14.142135623731	12.5992104989487	11.0408951367381
Iraq	2020-03-16	0	10	2	40	20	15.874010519682	12.1901365420448
Iraq	2020-03-17	1	11	3	80	28.2842712474619	20	13.4590019263236
Iraq	2020-03-18	1	12	4	160	40	25.1984209978975	14.8599428913695
Iraq	2020-03-19	1	13	5	320	56.5685424949238	31.748021039364	16.4067071201528
Iraq	2020-03-20	4	17	6	640	80	40	18.1144732852781
Iraq	2020-03-21	0	17	7	1280	113.137084989848	50.3968419957949	20
Iraq	2020-03-22	3	20	8	2560	160	63.496042078728	22.0817902734762
Iraq	2020-03-23	3	23	9	5120	226.274169979695	80	24.3802730840895
Iraq	2020-03-24	4	27	10	10240	320	100.79368399159	26.9180038526471
Iraq	2020-03-25	2	29	11	20480	452.548339959391	126.992084157456	29.7198857827389
Iraq	2020-03-26	7	36	12	40960	640.000000000001	160	32.8134142403055
Iraq	2020-03-27	4	40	13	81920	905.096679918782	201.58736798318	36.2289465705562
Iraq	2020-03-28	2	42	14	163840	1280	253.984168314912	40
Iraq	2020-03-29	0	42	15	327680	1810.19335983756	320	44.1635805469524
Iraq	2020-03-30	4	46	16	655360	2560	403.17473596636	48.760546168179
Iraq	2020-03-31	4	50	17	1310720	3620.38671967513	507.968336629824	53.8360077052942
Ireland	2020-03-26	10	19	0	10	10	10	10
Ireland	2020-03-27	3	22	1	20	14.142135623731	12.5992104989487	11.0408951367381
Ireland	2020-03-28	14	36	2	40	20	15.874010519682	12.1901365420448
Ireland	2020-03-29	10	46	3	80	28.2842712474619	20	13.4590019263236
Ireland	2020-03-30	8	54	4	160	40	25.1984209978975	14.8599428913695
Ireland	2020-03-31	17	71	5	320	56.5685424949238	31.748021039364	16.4067071201528
Israel	2020-03-27	4	12	0	10	10	10	10
Israel	2020-03-28	0	12	1	20	14.142135623731	12.5992104989487	11.0408951367381
Israel	2020-03-29	3	15	2	40	20	15.874010519682	12.1901365420448
Israel	2020-03-30	1	16	3	80	28.2842712474619	20	13.4590019263236
Israel	2020-03-31	4	20	4	160	40	25.1984209978975	14.8599428913695
Italy	2020-02-25	3	10	0	10	10	10	10
Italy	2020-02-26	2	12	1	20	14.142135623731	12.5992104989487	11.0408951367381
Italy	2020-02-27	5	17	2	40	20	15.874010519682	12.1901365420448
Italy	2020-02-28	4	21	3	80	28.2842712474619	20	13.4590019263236
Italy	2020-02-29	8	29	4	160	40	25.1984209978975	14.8599428913695
Italy	2020-03-01	5	34	5	320	56.5685424949238	31.748021039364	16.4067071201528
Italy	2020-03-02	18	52	6	640	80	40	18.1144732852781
Italy	2020-03-03	27	79	7	1280	113.137084989848	50.3968419957949	20
Italy	2020-03-04	28	107	8	2560	160	63.496042078728	22.0817902734762
Italy	2020-03-05	41	148	9	5120	226.274169979695	80	24.3802730840895
Italy	2020-03-06	49	197	10	10240	320	100.79368399159	26.9180038526471
Italy	2020-03-07	36	233	11	20480	452.548339959391	126.992084157456	29.7198857827389
Italy	2020-03-08	133	366	12	40960	640.000000000001	160	32.8134142403055
Italy	2020-03-09	97	463	13	81920	905.096679918782	201.58736798318	36.2289465705562
Italy	2020-03-10	168	631	14	163840	1280	253.984168314912	40
Italy	2020-03-11	196	827	15	327680	1810.19335983756	320	44.1635805469524
Italy	2020-03-12	0	827	16	655360	2560	403.17473596636	48.760546168179
Italy	2020-03-13	439	1266	17	1310720	3620.38671967513	507.968336629824	53.8360077052942
Italy	2020-03-14	175	1441	18	2621440	5120.00000000001	640	59.4397715654779
Italy	2020-03-15	368	1809	19	5242880	7240.77343935026	806.349471932719	65.6268284806109
Italy	2020-03-16	349	2158	20	10485760	10240	1015.93667325965	72.4578931411124
Italy	2020-03-17	345	2503	21	20971520	14481.5468787005	1280	79.9999999999999
Italy	2020-03-18	475	2978	22	41943040	20480	1612.69894386544	88.3271610939048
Italy	2020-03-19	427	3405	23	83886080	28963.093757401	2031.8733465193	97.5210923363579
Italy	2020-03-20	627	4032	24	167772160	40960.0000000001	2560	107.672015410588
Italy	2020-03-21	793	4825	25	335544320	57926.1875148021	3225.39788773088	118.879543130956
Italy	2020-03-22	651	5476	26	671088640	81920.0000000001	4063.74669303859	131.253656961222
Italy	2020-03-23	601	6077	27	1342177280	115852.375029604	5120	144.915786282225
Italy	2020-03-24	743	6820	28	2684354560	163840	6450.79577546175	160
Italy	2020-03-25	683	7503	29	5368709120	231704.750059208	8127.49338607719	176.65432218781
Italy	2020-03-26	712	8215	30	10737418240	327680.000000001	10240	195.042184672716
Italy	2020-03-27	919	9134	31	21474836480	463409.500118417	12901.5915509235	215.344030821176
Italy	2020-03-28	889	10023	32	42949672960	655360.000000001	16254.9867721544	237.759086261911
Italy	2020-03-29	756	10779	33	85899345920	926819.000236834	20480	262.507313922443
Italy	2020-03-30	812	11591	34	171798691840	1310720	25803.183101847	289.831572564449
Italy	2020-03-31	837	12428	35	343597383680	1853638.00047367	32509.9735443087	319.999999999999
Japan	2020-03-09	4	10	0	10	10	10	10
Japan	2020-03-10	0	10	1	20	14.142135623731	12.5992104989487	11.0408951367381
Japan	2020-03-11	5	15	2	40	20	15.874010519682	12.1901365420448
Japan	2020-03-12	1	16	3	80	28.2842712474619	20	13.4590019263236
Japan	2020-03-13	3	19	4	160	40	25.1984209978975	14.8599428913695
Japan	2020-03-14	3	22	5	320	56.5685424949238	31.748021039364	16.4067071201528
Japan	2020-03-15	0	22	6	640	80	40	18.1144732852781
Japan	2020-03-16	5	27	7	1280	113.137084989848	50.3968419957949	20
Japan	2020-03-17	2	29	8	2560	160	63.496042078728	22.0817902734762
Japan	2020-03-18	0	29	9	5120	226.274169979695	80	24.3802730840895
Japan	2020-03-19	0	29	10	10240	320	100.79368399159	26.9180038526471
Japan	2020-03-20	4	33	11	20480	452.548339959391	126.992084157456	29.7198857827389
Japan	2020-03-21	2	35	12	40960	640.000000000001	160	32.8134142403055
Japan	2020-03-22	6	41	13	81920	905.096679918782	201.58736798318	36.2289465705562
Japan	2020-03-23	1	42	14	163840	1280	253.984168314912	40
Japan	2020-03-24	1	43	15	327680	1810.19335983756	320	44.1635805469524
Japan	2020-03-25	2	45	16	655360	2560	403.17473596636	48.760546168179
Japan	2020-03-26	2	47	17	1310720	3620.38671967513	507.968336629824	53.8360077052942
Japan	2020-03-27	2	49	18	2621440	5120.00000000001	640	59.4397715654779
Japan	2020-03-28	3	52	19	5242880	7240.77343935026	806.349471932719	65.6268284806109
Japan	2020-03-29	2	54	20	10485760	10240	1015.93667325965	72.4578931411124
Japan	2020-03-30	0	54	21	20971520	14481.5468787005	1280	79.9999999999999
Japan	2020-03-31	2	56	22	41943040	20480	1612.69894386544	88.3271610939048
Korea	2020-02-25	2	10	0	10	10	10	10
Korea	2020-02-26	2	12	1	20	14.142135623731	12.5992104989487	11.0408951367381
Korea	2020-02-27	1	13	2	40	20	15.874010519682	12.1901365420448
Korea	2020-02-28	0	13	3	80	28.2842712474619	20	13.4590019263236
Korea	2020-02-29	3	16	4	160	40	25.1984209978975	14.8599428913695
Korea	2020-03-01	1	17	5	320	56.5685424949238	31.748021039364	16.4067071201528
Korea	2020-03-02	11	28	6	640	80	40	18.1144732852781
Korea	2020-03-03	0	28	7	1280	113.137084989848	50.3968419957949	20
Korea	2020-03-04	7	35	8	2560	160	63.496042078728	22.0817902734762
Korea	2020-03-05	0	35	9	5120	226.274169979695	80	24.3802730840895
Korea	2020-03-06	7	42	10	10240	320	100.79368399159	26.9180038526471
Korea	2020-03-07	2	44	11	20480	452.548339959391	126.992084157456	29.7198857827389
Korea	2020-03-08	6	50	12	40960	640.000000000001	160	32.8134142403055
Korea	2020-03-09	3	53	13	81920	905.096679918782	201.58736798318	36.2289465705562
Korea	2020-03-10	1	54	14	163840	1280	253.984168314912	40
Korea	2020-03-11	6	60	15	327680	1810.19335983756	320	44.1635805469524
Korea	2020-03-12	6	66	16	655360	2560	403.17473596636	48.760546168179
Korea	2020-03-13	0	66	17	1310720	3620.38671967513	507.968336629824	53.8360077052942
Korea	2020-03-14	6	72	18	2621440	5120.00000000001	640	59.4397715654779
Korea	2020-03-15	3	75	19	5242880	7240.77343935026	806.349471932719	65.6268284806109
Korea	2020-03-16	0	75	20	10485760	10240	1015.93667325965	72.4578931411124
Korea	2020-03-17	6	81	21	20971520	14481.5468787005	1280	79.9999999999999
Korea	2020-03-18	3	84	22	41943040	20480	1612.69894386544	88.3271610939048
Korea	2020-03-19	7	91	23	83886080	28963.093757401	2031.8733465193	97.5210923363579
Korea	2020-03-20	3	94	24	167772160	40960.0000000001	2560	107.672015410588
Korea	2020-03-21	8	102	25	335544320	57926.1875148021	3225.39788773088	118.879543130956
Korea	2020-03-22	9	111	26	671088640	81920.0000000001	4063.74669303859	131.253656961222
Korea	2020-03-23	0	111	27	1342177280	115852.375029604	5120	144.915786282225
Korea	2020-03-24	9	120	28	2684354560	163840	6450.79577546175	160
Korea	2020-03-25	6	126	29	5368709120	231704.750059208	8127.49338607719	176.65432218781
Korea	2020-03-26	5	131	30	10737418240	327680.000000001	10240	195.042184672716
Korea	2020-03-27	8	139	31	21474836480	463409.500118417	12901.5915509235	215.344030821176
Korea	2020-03-28	5	144	32	42949672960	655360.000000001	16254.9867721544	237.759086261911
Korea	2020-03-29	8	152	33	85899345920	926819.000236834	20480	262.507313922443
Korea	2020-03-30	6	158	34	171798691840	1310720	25803.183101847	289.831572564449
Korea	2020-03-31	4	162	35	343597383680	1853638.00047367	32509.9735443087	319.999999999999
Lebanon	2020-03-29	2	10	0	10	10	10	10
Lebanon	2020-03-30	1	11	1	20	14.142135623731	12.5992104989487	11.0408951367381
Lebanon	2020-03-31	1	12	2	40	20	15.874010519682	12.1901365420448
Luxembourg	2020-03-27	6	15	0	10	10	10	10
Luxembourg	2020-03-28	3	18	1	20	14.142135623731	12.5992104989487	11.0408951367381
Luxembourg	2020-03-29	3	21	2	40	20	15.874010519682	12.1901365420448
Luxembourg	2020-03-30	1	22	3	80	28.2842712474619	20	13.4590019263236
Luxembourg	2020-03-31	1	23	4	160	40	25.1984209978975	14.8599428913695
Malaysia	2020-03-22	6	10	0	10	10	10	10
Malaysia	2020-03-23	4	14	1	20	14.142135623731	12.5992104989487	11.0408951367381
Malaysia	2020-03-24	2	16	2	40	20	15.874010519682	12.1901365420448
Malaysia	2020-03-25	4	20	3	80	28.2842712474619	20	13.4590019263236
Malaysia	2020-03-26	3	23	4	160	40	25.1984209978975	14.8599428913695
Malaysia	2020-03-27	3	26	5	320	56.5685424949238	31.748021039364	16.4067071201528
Malaysia	2020-03-28	1	27	6	640	80	40	18.1144732852781
Malaysia	2020-03-29	8	35	7	1280	113.137084989848	50.3968419957949	20
Malaysia	2020-03-30	2	37	8	2560	160	63.496042078728	22.0817902734762
Malaysia	2020-03-31	6	43	9	5120	226.274169979695	80	24.3802730840895
Mexico	2020-03-28	4	12	0	10	10	10	10
Mexico	2020-03-29	4	16	1	20	14.142135623731	12.5992104989487	11.0408951367381
Mexico	2020-03-30	4	20	2	40	20	15.874010519682	12.1901365420448
Mexico	2020-03-31	8	28	3	80	28.2842712474619	20	13.4590019263236
Morocco	2020-03-26	5	11	0	10	10	10	10
Morocco	2020-03-27	12	23	1	20	14.142135623731	12.5992104989487	11.0408951367381
Morocco	2020-03-28	2	25	2	40	20	15.874010519682	12.1901365420448
Morocco	2020-03-29	1	26	3	80	28.2842712474619	20	13.4590019263236
Morocco	2020-03-30	7	33	4	160	40	25.1984209978975	14.8599428913695
Morocco	2020-03-31	3	36	5	320	56.5685424949238	31.748021039364	16.4067071201528
Netherlands	2020-03-13	5	10	0	10	10	10	10
Netherlands	2020-03-14	2	12	1	20	14.142135623731	12.5992104989487	11.0408951367381
Netherlands	2020-03-15	8	20	2	40	20	15.874010519682	12.1901365420448
Netherlands	2020-03-16	4	24	3	80	28.2842712474619	20	13.4590019263236
Netherlands	2020-03-17	19	43	4	160	40	25.1984209978975	14.8599428913695
Netherlands	2020-03-18	15	58	5	320	56.5685424949238	31.748021039364	16.4067071201528
Netherlands	2020-03-19	18	76	6	640	80	40	18.1144732852781
Netherlands	2020-03-20	30	106	7	1280	113.137084989848	50.3968419957949	20
Netherlands	2020-03-21	30	136	8	2560	160	63.496042078728	22.0817902734762
Netherlands	2020-03-22	43	179	9	5120	226.274169979695	80	24.3802730840895
Netherlands	2020-03-23	34	213	10	10240	320	100.79368399159	26.9180038526471
Netherlands	2020-03-24	63	276	11	20480	452.548339959391	126.992084157456	29.7198857827389
Netherlands	2020-03-25	80	356	12	40960	640.000000000001	160	32.8134142403055
Netherlands	2020-03-26	78	434	13	81920	905.096679918782	201.58736798318	36.2289465705562
Netherlands	2020-03-27	112	546	14	163840	1280	253.984168314912	40
Netherlands	2020-03-28	93	639	15	327680	1810.19335983756	320	44.1635805469524
Netherlands	2020-03-29	132	771	16	655360	2560	403.17473596636	48.760546168179
Netherlands	2020-03-30	93	864	17	1310720	3620.38671967513	507.968336629824	53.8360077052942
Netherlands	2020-03-31	175	1039	18	2621440	5120.00000000001	640	59.4397715654779
Norway	2020-03-23	3	10	0	10	10	10	10
Norway	2020-03-24	2	12	1	20	14.142135623731	12.5992104989487	11.0408951367381
Norway	2020-03-25	2	14	2	40	20	15.874010519682	12.1901365420448
Norway	2020-03-26	0	14	3	80	28.2842712474619	20	13.4590019263236
Norway	2020-03-27	5	19	4	160	40	25.1984209978975	14.8599428913695
Norway	2020-03-28	4	23	5	320	56.5685424949238	31.748021039364	16.4067071201528
Norway	2020-03-29	2	25	6	640	80	40	18.1144732852781
Norway	2020-03-30	7	32	7	1280	113.137084989848	50.3968419957949	20
Norway	2020-03-31	7	39	8	2560	160	63.496042078728	22.0817902734762
Pakistan	2020-03-27	2	11	0	10	10	10	10
Pakistan	2020-03-28	1	12	1	20	14.142135623731	12.5992104989487	11.0408951367381
Pakistan	2020-03-29	2	14	2	40	20	15.874010519682	12.1901365420448
Pakistan	2020-03-30	7	21	3	80	28.2842712474619	20	13.4590019263236
Pakistan	2020-03-31	5	26	4	160	40	25.1984209978975	14.8599428913695
Panama	2020-03-28	5	14	0	10	10	10	10
Panama	2020-03-29	3	17	1	20	14.142135623731	12.5992104989487	11.0408951367381
Panama	2020-03-30	7	24	2	40	20	15.874010519682	12.1901365420448
Panama	2020-03-31	6	30	3	80	28.2842712474619	20	13.4590019263236
Peru	2020-03-27	2	11	0	10	10	10	10
Peru	2020-03-28	5	16	1	20	14.142135623731	12.5992104989487	11.0408951367381
Peru	2020-03-29	2	18	2	40	20	15.874010519682	12.1901365420448
Peru	2020-03-30	6	24	3	80	28.2842712474619	20	13.4590019263236
Peru	2020-03-31	6	30	4	160	40	25.1984209978975	14.8599428913695
Philippines	2020-03-15	3	11	0	10	10	10	10
Philippines	2020-03-16	1	12	1	20	14.142135623731	12.5992104989487	11.0408951367381
Philippines	2020-03-17	0	12	2	40	20	15.874010519682	12.1901365420448
Philippines	2020-03-18	7	19	3	80	28.2842712474619	20	13.4590019263236
Philippines	2020-03-19	-2	17	4	160	40	25.1984209978975	14.8599428913695
Philippines	2020-03-20	1	18	5	320	56.5685424949238	31.748021039364	16.4067071201528
Philippines	2020-03-21	1	19	6	640	80	40	18.1144732852781
Philippines	2020-03-22	6	25	7	1280	113.137084989848	50.3968419957949	20
Philippines	2020-03-23	8	33	8	2560	160	63.496042078728	22.0817902734762
Philippines	2020-03-24	2	35	9	5120	226.274169979695	80	24.3802730840895
Philippines	2020-03-25	3	38	10	10240	320	100.79368399159	26.9180038526471
Philippines	2020-03-26	7	45	11	20480	452.548339959391	126.992084157456	29.7198857827389
Philippines	2020-03-27	9	54	12	40960	640.000000000001	160	32.8134142403055
Philippines	2020-03-28	14	68	13	81920	905.096679918782	201.58736798318	36.2289465705562
Philippines	2020-03-29	3	71	14	163840	1280	253.984168314912	40
Philippines	2020-03-30	7	78	15	327680	1810.19335983756	320	44.1635805469524
Philippines	2020-03-31	10	88	16	655360	2560	403.17473596636	48.760546168179
Poland	2020-03-24	2	10	0	10	10	10	10
Poland	2020-03-25	4	14	1	20	14.142135623731	12.5992104989487	11.0408951367381
Poland	2020-03-26	2	16	2	40	20	15.874010519682	12.1901365420448
Poland	2020-03-27	0	16	3	80	28.2842712474619	20	13.4590019263236
Poland	2020-03-28	2	18	4	160	40	25.1984209978975	14.8599428913695
Poland	2020-03-29	4	22	5	320	56.5685424949238	31.748021039364	16.4067071201528
Poland	2020-03-30	9	31	6	640	80	40	18.1144732852781
Poland	2020-03-31	2	33	7	1280	113.137084989848	50.3968419957949	20
Portugal	2020-03-21	6	12	0	10	10	10	10
Portugal	2020-03-22	2	14	1	20	14.142135623731	12.5992104989487	11.0408951367381
Portugal	2020-03-23	9	23	2	40	20	15.874010519682	12.1901365420448
Portugal	2020-03-24	10	33	3	80	28.2842712474619	20	13.4590019263236
Portugal	2020-03-25	10	43	4	160	40	25.1984209978975	14.8599428913695
Portugal	2020-03-26	17	60	5	320	56.5685424949238	31.748021039364	16.4067071201528
Portugal	2020-03-27	16	76	6	640	80	40	18.1144732852781
Portugal	2020-03-28	24	100	7	1280	113.137084989848	50.3968419957949	20
Portugal	2020-03-29	19	119	8	2560	160	63.496042078728	22.0817902734762
Portugal	2020-03-30	21	140	9	5120	226.274169979695	80	24.3802730840895
Portugal	2020-03-31	20	160	10	10240	320	100.79368399159	26.9180038526471
Romania	2020-03-24	4	11	0	10	10	10	10
Romania	2020-03-25	6	17	1	20	14.142135623731	12.5992104989487	11.0408951367381
Romania	2020-03-26	6	23	2	40	20	15.874010519682	12.1901365420448
Romania	2020-03-27	3	26	3	80	28.2842712474619	20	13.4590019263236
Romania	2020-03-28	11	37	4	160	40	25.1984209978975	14.8599428913695
Romania	2020-03-29	6	43	5	320	56.5685424949238	31.748021039364	16.4067071201528
Romania	2020-03-30	22	65	6	640	80	40	18.1144732852781
Romania	2020-03-31	17	82	7	1280	113.137084989848	50.3968419957949	20
Russia	2020-03-31	8	17	0	10	10	10	10
San Marino	2020-03-18	4	11	0	10	10	10	10
San Marino	2020-03-19	0	11	1	20	14.142135623731	12.5992104989487	11.0408951367381
San Marino	2020-03-20	3	14	2	40	20	15.874010519682	12.1901365420448
San Marino	2020-03-21	6	20	3	80	28.2842712474619	20	13.4590019263236
San Marino	2020-03-22	0	20	4	160	40	25.1984209978975	14.8599428913695
San Marino	2020-03-23	0	20	5	320	56.5685424949238	31.748021039364	16.4067071201528
San Marino	2020-03-24	1	21	6	640	80	40	18.1144732852781
San Marino	2020-03-25	0	21	7	1280	113.137084989848	50.3968419957949	20
San Marino	2020-03-26	0	21	8	2560	160	63.496042078728	22.0817902734762
San Marino	2020-03-27	0	21	9	5120	226.274169979695	80	24.3802730840895
San Marino	2020-03-28	1	22	10	10240	320	100.79368399159	26.9180038526471
San Marino	2020-03-29	0	22	11	20480	452.548339959391	126.992084157456	29.7198857827389
San Marino	2020-03-30	3	25	12	40960	640.000000000001	160	32.8134142403055
San Marino	2020-03-31	1	26	13	81920	905.096679918782	201.58736798318	36.2289465705562
Saudi Arabia	2020-03-31	2	10	0	10	10	10	10
Serbia	2020-03-28	9	10	0	10	10	10	10
Serbia	2020-03-29	3	13	1	20	14.142135623731	12.5992104989487	11.0408951367381
Serbia	2020-03-30	3	16	2	40	20	15.874010519682	12.1901365420448
Serbia	2020-03-31	0	16	3	80	28.2842712474619	20	13.4590019263236
Slovenia	2020-03-29	2	11	0	10	10	10	10
Slovenia	2020-03-30	0	11	1	20	14.142135623731	12.5992104989487	11.0408951367381
Slovenia	2020-03-31	4	15	2	40	20	15.874010519682	12.1901365420448
Spain	2020-03-07	5	10	0	10	10	10	10
Spain	2020-03-08	7	17	1	20	14.142135623731	12.5992104989487	11.0408951367381
Spain	2020-03-09	11	28	2	40	20	15.874010519682	12.1901365420448
Spain	2020-03-10	7	35	3	80	28.2842712474619	20	13.4590019263236
Spain	2020-03-11	19	54	4	160	40	25.1984209978975	14.8599428913695
Spain	2020-03-12	1	55	5	320	56.5685424949238	31.748021039364	16.4067071201528
Spain	2020-03-13	78	133	6	640	80	40	18.1144732852781
Spain	2020-03-14	62	195	7	1280	113.137084989848	50.3968419957949	20
Spain	2020-03-15	94	289	8	2560	160	63.496042078728	22.0817902734762
Spain	2020-03-16	53	342	9	5120	226.274169979695	80	24.3802730840895
Spain	2020-03-17	191	533	10	10240	320	100.79368399159	26.9180038526471
Spain	2020-03-18	90	623	11	20480	452.548339959391	126.992084157456	29.7198857827389
Spain	2020-03-19	207	830	12	40960	640.000000000001	160	32.8134142403055
Spain	2020-03-20	213	1043	13	81920	905.096679918782	201.58736798318	36.2289465705562
Spain	2020-03-21	332	1375	14	163840	1280	253.984168314912	40
Spain	2020-03-22	397	1772	15	327680	1810.19335983756	320	44.1635805469524
Spain	2020-03-23	539	2311	16	655360	2560	403.17473596636	48.760546168179
Spain	2020-03-24	497	2808	17	1310720	3620.38671967513	507.968336629824	53.8360077052942
Spain	2020-03-25	839	3647	18	2621440	5120.00000000001	640	59.4397715654779
Spain	2020-03-26	718	4365	19	5242880	7240.77343935026	806.349471932719	65.6268284806109
Spain	2020-03-27	773	5138	20	10485760	10240	1015.93667325965	72.4578931411124
Spain	2020-03-28	844	5982	21	20971520	14481.5468787005	1280	79.9999999999999
Spain	2020-03-29	821	6803	22	41943040	20480	1612.69894386544	88.3271610939048
Spain	2020-03-30	913	7716	23	83886080	28963.093757401	2031.8733465193	97.5210923363579
Spain	2020-03-31	748	8464	24	167772160	40960.0000000001	2560	107.672015410588
Sweden	2020-03-18	3	10	0	10	10	10	10
Sweden	2020-03-19	1	11	1	20	14.142135623731	12.5992104989487	11.0408951367381
Sweden	2020-03-20	5	16	2	40	20	15.874010519682	12.1901365420448
Sweden	2020-03-21	4	20	3	80	28.2842712474619	20	13.4590019263236
Sweden	2020-03-22	1	21	4	160	40	25.1984209978975	14.8599428913695
Sweden	2020-03-23	4	25	5	320	56.5685424949238	31.748021039364	16.4067071201528
Sweden	2020-03-24	11	36	6	640	80	40	18.1144732852781
Sweden	2020-03-25	26	62	7	1280	113.137084989848	50.3968419957949	20
Sweden	2020-03-26	15	77	8	2560	160	63.496042078728	22.0817902734762
Sweden	2020-03-27	28	105	9	5120	226.274169979695	80	24.3802730840895
Sweden	2020-03-28	0	105	10	10240	320	100.79368399159	26.9180038526471
Sweden	2020-03-29	5	110	11	20480	452.548339959391	126.992084157456	29.7198857827389
Sweden	2020-03-30	36	146	12	40960	640.000000000001	160	32.8134142403055
Sweden	2020-03-31	34	180	13	81920	905.096679918782	201.58736798318	36.2289465705562
Switzerland	2020-03-13	7	11	0	10	10	10	10
Switzerland	2020-03-14	2	13	1	20	14.142135623731	12.5992104989487	11.0408951367381
Switzerland	2020-03-15	1	14	2	40	20	15.874010519682	12.1901365420448
Switzerland	2020-03-16	0	14	3	80	28.2842712474619	20	13.4590019263236
Switzerland	2020-03-17	13	27	4	160	40	25.1984209978975	14.8599428913695
Switzerland	2020-03-18	1	28	5	320	56.5685424949238	31.748021039364	16.4067071201528
Switzerland	2020-03-19	13	41	6	640	80	40	18.1144732852781
Switzerland	2020-03-20	13	54	7	1280	113.137084989848	50.3968419957949	20
Switzerland	2020-03-21	21	75	8	2560	160	63.496042078728	22.0817902734762
Switzerland	2020-03-22	23	98	9	5120	226.274169979695	80	24.3802730840895
Switzerland	2020-03-23	22	120	10	10240	320	100.79368399159	26.9180038526471
Switzerland	2020-03-24	2	122	11	20480	452.548339959391	126.992084157456	29.7198857827389
Switzerland	2020-03-25	31	153	12	40960	640.000000000001	160	32.8134142403055
Switzerland	2020-03-26	38	191	13	81920	905.096679918782	201.58736798318	36.2289465705562
Switzerland	2020-03-27	40	231	14	163840	1280	253.984168314912	40
Switzerland	2020-03-28	33	264	15	327680	1810.19335983756	320	44.1635805469524
Switzerland	2020-03-29	36	300	16	655360	2560	403.17473596636	48.760546168179
Switzerland	2020-03-30	59	359	17	1310720	3620.38671967513	507.968336629824	53.8360077052942
Switzerland	2020-03-31	74	433	18	2621440	5120.00000000001	640	59.4397715654779
Thailand	2020-03-31	1	10	0	10	10	10	10
Tunisia	2020-03-31	2	10	0	10	10	10	10
Turkey	2020-03-22	21	30	0	10	10	10	10
Turkey	2020-03-23	7	37	1	20	14.142135623731	12.5992104989487	11.0408951367381
Turkey	2020-03-24	7	44	2	40	20	15.874010519682	12.1901365420448
Turkey	2020-03-25	15	59	3	80	28.2842712474619	20	13.4590019263236
Turkey	2020-03-26	16	75	4	160	40	25.1984209978975	14.8599428913695
Turkey	2020-03-27	17	92	5	320	56.5685424949238	31.748021039364	16.4067071201528
Turkey	2020-03-28	16	108	6	640	80	40	18.1144732852781
Turkey	2020-03-29	23	131	7	1280	113.137084989848	50.3968419957949	20
Turkey	2020-03-30	37	168	8	2560	160	63.496042078728	22.0817902734762
Turkey	2020-03-31	46	214	9	5120	226.274169979695	80	24.3802730840895
Ukraine	2020-03-29	1	10	0	10	10	10	10
Ukraine	2020-03-30	3	13	1	20	14.142135623731	12.5992104989487	11.0408951367381
Ukraine	2020-03-31	4	17	2	40	20	15.874010519682	12.1901365420448
United Kingdom	2020-03-14	13	21	0	10	10	10	10
United Kingdom	2020-03-15	0	21	1	20	14.142135623731	12.5992104989487	11.0408951367381
United Kingdom	2020-03-16	34	55	2	40	20	15.874010519682	12.1901365420448
United Kingdom	2020-03-17	0	55	3	80	28.2842712474619	20	13.4590019263236
United Kingdom	2020-03-18	16	71	4	160	40	25.1984209978975	14.8599428913695
United Kingdom	2020-03-19	66	137	5	320	56.5685424949238	31.748021039364	16.4067071201528
United Kingdom	2020-03-20	40	177	6	640	80	40	18.1144732852781
United Kingdom	2020-03-21	56	233	7	1280	113.137084989848	50.3968419957949	20
United Kingdom	2020-03-22	48	281	8	2560	160	63.496042078728	22.0817902734762
United Kingdom	2020-03-23	54	335	9	5120	226.274169979695	80	24.3802730840895
United Kingdom	2020-03-24	87	422	10	10240	320	100.79368399159	26.9180038526471
United Kingdom	2020-03-25	43	465	11	20480	452.548339959391	126.992084157456	29.7198857827389
United Kingdom	2020-03-26	113	578	12	40960	640.000000000001	160	32.8134142403055
United Kingdom	2020-03-27	181	759	13	81920	905.096679918782	201.58736798318	36.2289465705562
United Kingdom	2020-03-28	260	1019	14	163840	1280	253.984168314912	40
United Kingdom	2020-03-29	209	1228	15	327680	1810.19335983756	320	44.1635805469524
United Kingdom	2020-03-30	180	1408	16	655360	2560	403.17473596636	48.760546168179
United Kingdom	2020-03-31	381	1789	17	1310720	3620.38671967513	507.968336629824	53.8360077052942
United States	2020-03-04	4	11	0	10	10	10	10
United States	2020-03-05	1	12	1	20	14.142135623731	12.5992104989487	11.0408951367381
United States	2020-03-06	2	14	2	40	20	15.874010519682	12.1901365420448
United States	2020-03-07	3	17	3	80	28.2842712474619	20	13.4590019263236
United States	2020-03-08	4	21	4	160	40	25.1984209978975	14.8599428913695
United States	2020-03-09	1	22	5	320	56.5685424949238	31.748021039364	16.4067071201528
United States	2020-03-10	6	28	6	640	80	40	18.1144732852781
United States	2020-03-11	8	36	7	1280	113.137084989848	50.3968419957949	20
United States	2020-03-12	4	40	8	2560	160	63.496042078728	22.0817902734762
United States	2020-03-13	7	47	9	5120	226.274169979695	80	24.3802730840895
United States	2020-03-14	7	54	10	10240	320	100.79368399159	26.9180038526471
United States	2020-03-15	9	63	11	20480	452.548339959391	126.992084157456	29.7198857827389
United States	2020-03-16	22	85	12	40960	640.000000000001	160	32.8134142403055
United States	2020-03-17	23	108	13	81920	905.096679918782	201.58736798318	36.2289465705562
United States	2020-03-18	10	118	14	163840	1280	253.984168314912	40
United States	2020-03-19	82	200	15	327680	1810.19335983756	320	44.1635805469524
United States	2020-03-20	44	244	16	655360	2560	403.17473596636	48.760546168179
United States	2020-03-21	63	307	17	1310720	3620.38671967513	507.968336629824	53.8360077052942
United States	2020-03-22	110	417	18	2621440	5120.00000000001	640	59.4397715654779
United States	2020-03-23	140	557	19	5242880	7240.77343935026	806.349471932719	65.6268284806109
United States	2020-03-24	149	706	20	10485760	10240	1015.93667325965	72.4578931411124
United States	2020-03-25	236	942	21	20971520	14481.5468787005	1280	79.9999999999999
United States	2020-03-26	267	1209	22	41943040	20480	1612.69894386544	88.3271610939048
United States	2020-03-27	372	1581	23	83886080	28963.093757401	2031.8733465193	97.5210923363579
United States	2020-03-28	445	2026	24	167772160	40960.0000000001	2560	107.672015410588
United States	2020-03-29	441	2467	25	335544320	57926.1875148021	3225.39788773088	118.879543130956
United States	2020-03-30	511	2978	26	671088640	81920.0000000001	4063.74669303859	131.253656961222
United States	2020-03-31	895	3873	27	1342177280	115852.375029604	5120	144.915786282225
